
0.803,0.17,0.027,POSITIVE
0.95,0.025,0.025,POSITIVE
0.48,0.463,0.057,POSITIVE


0.498,0.487,0.014,POSITIVE
0.181,0.335,0.484,NEUTRAL

0.951,0.0,0.049,POSITIVE
0.789,0.0,0.211,POSITIVE
0.966,0.0,0.034,POSITIVE
0.613,0.35,0.037,POSITIVE
0.893,0.0,0.107,POSITIVE
0.167,0.555,0.278,NEGATIVE
0.66,0.281,0.059,POSITIVE
0.556,0.217,0.227,POSITIVE
0.461,0.41,0.129,POSITIVE
0.778,0.0,0.222,POSITIVE
0.531,0.334,0.134,POSITIVE

0.803,0.17,0.027,POSITIVE
0.95,0.025,0.025,POSITIVE
0.48,0.463,0.057,POSITIVE


0.498,0.487,0.014,POSITIVE
0.181,0.335,0.484,NEUTRAL

0.951,0.0,0.049,POSITIVE
0.789,0.0,0.211,POSITIVE
0.966,0.0,0.034,POSITIVE
0.613,0.35,0.037,POSITIVE
0.893,0.0,0.107,POSITIVE
0.167,0.555,0.278,NEGATIVE
0.66,0.281,0.059,POSITIVE
0.556,0.217,0.227,POSITIVE
0.461,0.41,0.129,POSITIVE
0.778,0.0,0.222,POSITIVE
0.531,0.334,0.134,POSITIVE

0.803,0.17,0.027,POSITIVE
0.95,0.025,0.025,POSITIVE
0.48,0.463,0.057,POSITIVE


0.498,0.487,0.014,POSITIVE
0.181,0.335,0.484,NEUTRAL

0.951,0.0,0.049,POSITIVE
0.789,0.0,0.211,POSITIVE
0.966,0.0,0.034,POSITIVE
0.613,0.35,0.037,POSITIVE
0.893,0.0,0.107,POSITIVE
0.167,0.555,0.278,NEGATIVE
0.66,0.281,0.059,POSITIVE
0.556,0.217,0.227,POSITIVE
0.461,0.41,0.129,POSITIVE
0.778,0.0,0.222,POSITIVE
0.531,0.334,0.134,POSITIVE
