0.852,0.062,0.086,POSITIVE
0.611,0.298,0.091,POSITIVE
0.124,0.535,0.341,NEGATIVE
0.595,0.385,0.02,POSITIVE
0.511,0.475,0.013,POSITIVE
0.249,0.652,0.099,NEGATIVE
0.576,0.376,0.048,POSITIVE
0.361,0.628,0.011,NEGATIVE
0.95,0.0,0.05,POSITIVE
0.849,0.13,0.021,POSITIVE
0.661,0.222,0.116,POSITIVE
0.282,0.442,0.276,NEGATIVE
0.706,0.272,0.021,POSITIVE
0.562,0.382,0.056,POSITIVE
0.786,0.0,0.214,POSITIVE

0.51,0.393,0.097,POSITIVE

0.435,0.516,0.048,NEGATIVE
0.407,0.585,0.008,NEGATIVE

0.803,0.17,0.027,POSITIVE
0.95,0.025,0.025,POSITIVE
0.48,0.463,0.057,POSITIVE


0.498,0.487,0.014,POSITIVE
0.181,0.335,0.484,NEUTRAL

0.951,0.0,0.049,POSITIVE
0.789,0.0,0.211,POSITIVE
0.966,0.0,0.034,POSITIVE
0.613,0.35,0.037,POSITIVE
0.893,0.0,0.107,POSITIVE
0.167,0.555,0.278,NEGATIVE
0.66,0.281,0.059,POSITIVE
0.556,0.217,0.227,POSITIVE
0.461,0.41,0.129,POSITIVE
0.778,0.0,0.222,POSITIVE
0.531,0.334,0.134,POSITIVE

0.803,0.17,0.027,POSITIVE
0.95,0.025,0.025,POSITIVE
0.48,0.463,0.057,POSITIVE


0.498,0.487,0.014,POSITIVE
0.181,0.335,0.484,NEUTRAL

0.951,0.0,0.049,POSITIVE
0.789,0.0,0.211,POSITIVE
0.966,0.0,0.034,POSITIVE
0.613,0.35,0.037,POSITIVE
0.893,0.0,0.107,POSITIVE
0.167,0.555,0.278,NEGATIVE
0.66,0.281,0.059,POSITIVE
0.556,0.217,0.227,POSITIVE
0.461,0.41,0.129,POSITIVE
0.778,0.0,0.222,POSITIVE
0.531,0.334,0.134,POSITIVE
