0.524,0.398,0.077,POSITIVE
0.795,0.119,0.086,POSITIVE
0.875,0.087,0.038,POSITIVE
0.778,0.195,0.027,POSITIVE
0.279,0.658,0.064,NEGATIVE
0.832,0.0,0.168,POSITIVE
0.571,0.287,0.142,POSITIVE

0.511,0.423,0.066,POSITIVE
0.977,0.0,0.023,POSITIVE
0.981,0.0,0.019,POSITIVE
0.728,0.21,0.062,POSITIVE
0.898,0.0,0.102,POSITIVE
0.845,0.0,0.155,POSITIVE
0.65,0.202,0.148,POSITIVE
0.548,0.41,0.042,POSITIVE
0.657,0.323,0.02,POSITIVE
0.532,0.278,0.19,POSITIVE
0.43,0.559,0.011,NEGATIVE
0.63,0.31,0.06,POSITIVE
0.39,0.568,0.042,NEGATIVE
0.346,0.55,0.104,NEGATIVE
0.727,0.0,0.273,POSITIVE
0.542,0.367,0.09,POSITIVE
0.307,0.647,0.046,NEGATIVE

0.983,0.0,0.017,POSITIVE
0.335,0.598,0.067,NEGATIVE
0.56,0.432,0.008,POSITIVE
0.291,0.664,0.045,NEGATIVE
0.98,0.0,0.02,POSITIVE


0.392,0.528,0.079,NEGATIVE
0.259,0.731,0.01,NEGATIVE
0.686,0.272,0.042,POSITIVE
0.637,0.312,0.05,POSITIVE
0.759,0.192,0.048,POSITIVE
0.542,0.426,0.033,POSITIVE

0.279,0.661,0.06,NEGATIVE
0.523,0.433,0.044,POSITIVE
0.583,0.338,0.079,POSITIVE
0.652,0.327,0.021,POSITIVE
0.558,0.381,0.061,POSITIVE
0.718,0.113,0.168,POSITIVE

0.738,0.116,0.146,POSITIVE
0.638,0.296,0.066,POSITIVE
0.977,0.0,0.023,POSITIVE
0.742,0.191,0.067,POSITIVE
0.305,0.684,0.011,NEGATIVE
0.965,0.0,0.035,POSITIVE
0.97,0.0,0.03,POSITIVE
0.298,0.683,0.019,NEGATIVE
0.335,0.652,0.012,NEGATIVE
0.251,0.693,0.056,NEGATIVE
0.358,0.609,0.032,NEGATIVE
0.511,0.434,0.055,POSITIVE
0.6,0.323,0.078,POSITIVE
0.313,0.586,0.102,NEGATIVE
0.431,0.33,0.239,POSITIVE
0.588,0.401,0.011,POSITIVE
0.385,0.554,0.061,NEGATIVE
0.753,0.227,0.021,POSITIVE
0.828,0.043,0.129,POSITIVE
0.663,0.317,0.02,POSITIVE
0.347,0.612,0.042,NEGATIVE
0.977,0.0,0.023,POSITIVE

0.52,0.447,0.033,POSITIVE
0.69,0.219,0.091,POSITIVE
0.799,0.165,0.036,POSITIVE
0.239,0.753,0.008,NEGATIVE
0.708,0.269,0.023,POSITIVE

0.981,0.0,0.019,POSITIVE
0.771,0.212,0.017,POSITIVE
0.688,0.296,0.016,POSITIVE
0.946,0.0,0.054,POSITIVE
0.366,0.626,0.008,NEGATIVE

0.475,0.427,0.098,POSITIVE
0.872,0.0,0.128,POSITIVE
0.538,0.449,0.014,POSITIVE
0.966,0.0,0.034,POSITIVE
0.814,0.167,0.02,POSITIVE
0.976,0.0,0.024,POSITIVE
0.951,0.0,0.049,POSITIVE
0.675,0.151,0.174,POSITIVE
0.402,0.405,0.193,NEGATIVE
0.432,0.532,0.036,NEGATIVE

0.592,0.31,0.098,POSITIVE
0.488,0.406,0.106,POSITIVE
0.873,0.0,0.127,POSITIVE

0.427,0.521,0.052,NEGATIVE
0.661,0.207,0.132,POSITIVE
0.554,0.414,0.032,POSITIVE
0.749,0.174,0.078,POSITIVE
0.519,0.469,0.012,POSITIVE
0.414,0.546,0.04,NEGATIVE
0.596,0.349,0.055,POSITIVE
0.756,0.221,0.023,POSITIVE
0.948,0.0,0.052,POSITIVE
0.277,0.681,0.042,NEGATIVE
0.217,0.774,0.009,NEGATIVE

0.499,0.467,0.035,POSITIVE
0.488,0.368,0.144,POSITIVE
0.619,0.364,0.017,POSITIVE
0.701,0.177,0.123,POSITIVE
0.78,0.0,0.22,POSITIVE
0.78,0.0,0.22,POSITIVE
0.774,0.116,0.111,POSITIVE
0.508,0.436,0.056,POSITIVE
0.628,0.252,0.12,POSITIVE
0.668,0.268,0.063,POSITIVE
0.827,0.0,0.173,POSITIVE
0.601,0.382,0.017,POSITIVE
0.959,0.0,0.041,POSITIVE


0.592,0.357,0.052,POSITIVE
0.605,0.29,0.105,POSITIVE
0.987,0.0,0.013,POSITIVE
0.327,0.614,0.059,NEGATIVE
0.592,0.34,0.068,POSITIVE
0.952,0.0,0.048,POSITIVE
0.603,0.31,0.087,POSITIVE

0.87,0.0,0.13,POSITIVE
0.615,0.356,0.03,POSITIVE


0.511,0.417,0.072,POSITIVE
0.976,0.0,0.024,POSITIVE
0.725,0.262,0.014,POSITIVE
0.419,0.52,0.061,NEGATIVE
0.534,0.422,0.044,POSITIVE
0.417,0.57,0.013,NEGATIVE
0.674,0.238,0.088,POSITIVE
0.376,0.486,0.138,NEGATIVE
0.566,0.278,0.156,POSITIVE
0.631,0.303,0.066,POSITIVE
0.62,0.331,0.049,POSITIVE
0.646,0.295,0.059,POSITIVE
0.772,0.147,0.082,POSITIVE
0.229,0.678,0.092,NEGATIVE
0.614,0.336,0.05,POSITIVE

0.574,0.392,0.034,POSITIVE
0.467,0.493,0.04,NEGATIVE
0.618,0.357,0.024,POSITIVE
0.414,0.572,0.014,NEGATIVE
0.73,0.163,0.108,POSITIVE
0.53,0.382,0.088,POSITIVE
0.346,0.621,0.033,NEGATIVE
0.676,0.309,0.015,POSITIVE

0.753,0.2,0.047,POSITIVE
0.571,0.37,0.059,POSITIVE

0.946,0.0,0.054,POSITIVE
0.852,0.0,0.148,POSITIVE
0.67,0.249,0.08,POSITIVE
0.509,0.431,0.06,POSITIVE
0.455,0.439,0.107,POSITIVE
0.745,0.156,0.099,POSITIVE
0.519,0.463,0.018,POSITIVE
0.455,0.459,0.086,NEGATIVE
0.443,0.503,0.054,NEGATIVE
0.468,0.442,0.091,POSITIVE
0.896,0.0,0.104,POSITIVE


0.463,0.499,0.038,NEGATIVE

0.663,0.282,0.056,POSITIVE

0.465,0.388,0.147,POSITIVE
0.288,0.704,0.008,NEGATIVE

0.338,0.619,0.043,NEGATIVE

0.255,0.669,0.076,NEGATIVE


0.379,0.592,0.028,NEGATIVE
0.378,0.587,0.035,NEGATIVE
0.524,0.401,0.074,POSITIVE
0.489,0.432,0.078,POSITIVE
0.342,0.639,0.019,NEGATIVE
