Postive,Negative,Neutral,Label
0.523,0.437,0.04,POSITIVE
0.835,0.104,0.061,POSITIVE
0.732,0.167,0.102,POSITIVE
0.397,0.546,0.057,NEGATIVE
0.559,0.386,0.055,POSITIVE
0.509,0.427,0.064,POSITIVE
0.609,0.341,0.05,POSITIVE
0.083,0.768,0.149,NEGATIVE
0.501,0.45,0.049,POSITIVE
0.354,0.539,0.108,NEGATIVE
0.456,0.424,0.12,POSITIVE
0.694,0.167,0.139,POSITIVE
0.53,0.324,0.146,POSITIVE
0.264,0.613,0.123,NEGATIVE
0.543,0.2,0.257,POSITIVE
0.424,0.467,0.109,NEGATIVE
0.478,0.478,0.044,NEGATIVE
0.865,0.016,0.119,POSITIVE
0.406,0.552,0.042,NEGATIVE
0.403,0.52,0.077,NEGATIVE
0.672,0.164,0.163,POSITIVE
0.756,0.173,0.072,POSITIVE
0.884,0.05,0.066,POSITIVE
0.602,0.229,0.169,POSITIVE
0.733,0.225,0.043,POSITIVE
0.35,0.58,0.07,NEGATIVE
0.61,0.084,0.306,POSITIVE
0.404,0.517,0.079,NEGATIVE
0.628,0.113,0.259,POSITIVE
0.303,0.605,0.093,NEGATIVE
0.714,0,0.286,POSITIVE
0.538,0.228,0.233,POSITIVE
0.517,0.357,0.125,POSITIVE
0.409,0.543,0.048,NEGATIVE
0.573,0.3,0.127,POSITIVE
0.421,0.51,0.069,NEGATIVE
0.136,0.805,0.06,NEGATIVE
0.339,0.538,0.123,NEGATIVE
0.656,0.17,0.174,POSITIVE
0.827,0,0.173,POSITIVE
0.672,0.164,0.163,POSITIVE
0.756,0.173,0.072,POSITIVE
0.884,0.05,0.066,POSITIVE
0.602,0.229,0.169,POSITIVE
0.733,0.225,0.043,POSITIVE
0.35,0.58,0.07,NEGATIVE
0.61,0.084,0.306,POSITIVE
0.404,0.517,0.079,NEGATIVE
0.628,0.113,0.259,POSITIVE
0.303,0.605,0.093,NEGATIVE
0.714,0,0.286,POSITIVE
0.538,0.228,0.233,POSITIVE
0.517,0.357,0.125,POSITIVE
0.409,0.543,0.048,NEGATIVE
0.573,0.3,0.127,POSITIVE
0.421,0.51,0.069,NEGATIVE
0.136,0.805,0.06,NEGATIVE
0.339,0.538,0.123,NEGATIVE
0.656,0.17,0.174,POSITIVE
0.827,0,0.173,POSITIVE
0.672,0.164,0.163,POSITIVE
0.756,0.173,0.072,POSITIVE
0.884,0.05,0.066,POSITIVE
0.602,0.229,0.169,POSITIVE
0.733,0.225,0.043,POSITIVE
0.35,0.58,0.07,NEGATIVE
0.61,0.084,0.306,POSITIVE
0.404,0.517,0.079,NEGATIVE
0.628,0.113,0.259,POSITIVE
0.303,0.605,0.093,NEGATIVE
0.714,0,0.286,POSITIVE
0.538,0.228,0.233,POSITIVE
0.517,0.357,0.125,POSITIVE
0.409,0.543,0.048,NEGATIVE
0.573,0.3,0.127,POSITIVE
0.421,0.51,0.069,NEGATIVE
0.136,0.805,0.06,NEGATIVE
0.339,0.538,0.123,NEGATIVE
0.656,0.17,0.174,POSITIVE
0.827,0,0.173,POSITIVE
