Positive,Negative ,Neutral,Result
0.181,0.71,0.109,NEGATIVE
0.343,0.588,0.069,NEGATIVE
0.427,0.465,0.109,NEGATIVE
0.312,0.546,0.141,NEGATIVE
0.398,0.567,0.034,NEGATIVE
0.391,0.547,0.061,NEGATIVE
0.402,0.547,0.051,NEGATIVE
0.418,0.462,0.12,NEGATIVE
0.732,0.204,0.064,POSITIVE
0.437,0.514,0.049,NEGATIVE
0.621,0.309,0.07,POSITIVE
0.083,0.768,0.149,NEGATIVE
0.433,0.53,0.037,NEGATIVE
0.371,0.566,0.063,NEGATIVE
0.42,0.535,0.045,NEGATIVE
0.367,0.478,0.155,NEGATIVE
0.331,0.629,0.04,NEGATIVE
0.889,0.043,0.068,POSITIVE
0.469,0.497,0.034,NEGATIVE
0.354,0.539,0.108,NEGATIVE
0.635,0.278,0.087,POSITIVE
0.647,0.291,0.062,POSITIVE
0.573,0.085,0.341,POSITIVE
0.565,0.397,0.038,POSITIVE
0.706,0.225,0.069,POSITIVE
0.729,0.2,0.071,POSITIVE
0.654,0.163,0.183,POSITIVE
0.458,0.49,0.053,NEGATIVE
0.431,0.513,0.056,NEGATIVE
0.527,0.417,0.055,POSITIVE
0.488,0.418,0.094,POSITIVE
0.467,0.501,0.033,NEGATIVE
0.6,0.328,0.072,POSITIVE
0.534,0.386,0.08,POSITIVE
0.665,0.255,0.08,POSITIVE
0.477,0.472,0.051,POSITIVE
0.573,0.363,0.064,POSITIVE
0.373,0.593,0.035,NEGATIVE
0.548,0.392,0.061,POSITIVE
0.403,0.521,0.076,NEGATIVE
0.393,0.496,0.111,NEGATIVE
0.445,0.512,0.043,NEGATIVE
0.534,0.353,0.112,POSITIVE
0.517,0.428,0.055,POSITIVE
0.676,0.272,0.052,POSITIVE
0.511,0.242,0.247,POSITIVE
0.454,0.468,0.078,NEGATIVE
0.451,0.469,0.08,NEGATIVE
0.82,0.101,0.079,POSITIVE
0.678,0.235,0.087,POSITIVE
0.927,0,0.073,POSITIVE
0.426,0.542,0.032,NEGATIVE
0.786,0.111,0.104,POSITIVE
0.468,0.492,0.04,NEGATIVE
0.578,0.386,0.036,POSITIVE
0.651,0.304,0.045,POSITIVE
0.555,0.349,0.097,POSITIVE
0.502,0.431,0.067,POSITIVE
0.368,0.544,0.088,NEGATIVE
0.424,0.529,0.048,NEGATIVE
0.674,0.244,0.082,POSITIVE
0.766,0.174,0.06,POSITIVE
0.595,0.26,0.145,POSITIVE
0.687,0.183,0.13,POSITIVE
0.594,0.318,0.088,POSITIVE
0.306,0.549,0.145,NEGATIVE
0.578,0.37,0.053,POSITIVE
0.253,0.644,0.103,NEGATIVE
0.552,0.38,0.068,POSITIVE
0.678,0.234,0.088,POSITIVE
0.685,0,0.315,POSITIVE
0.526,0.4,0.074,POSITIVE
0.306,0.658,0.036,NEGATIVE
0.419,0.547,0.034,NEGATIVE
0.365,0.597,0.038,NEGATIVE
0.578,0.216,0.206,POSITIVE
0.723,0.215,0.062,POSITIVE
0.366,0.252,0.382,NEUTRAL
0.359,0.589,0.052,NEGATIVE
0.56,0.387,0.053,POSITIVE
0.653,0.245,0.102,POSITIVE
0.573,0.38,0.046,POSITIVE
0.55,0.392,0.059,POSITIVE
0.176,0.766,0.058,NEGATIVE
0.654,0.202,0.144,POSITIVE
0.631,0.34,0.029,POSITIVE
0.866,0.081,0.053,POSITIVE
0.7,0.259,0.041,POSITIVE
0.534,0.391,0.074,POSITIVE
0.538,0.228,0.233,POSITIVE
0.911,0,0.089,POSITIVE
0.647,0.301,0.052,POSITIVE
0.88,0,0.12,POSITIVE
0.243,0.713,0.044,NEGATIVE
0.367,0.569,0.064,NEGATIVE
0.589,0.334,0.077,POSITIVE
0.756,0.174,0.07,POSITIVE
0.795,0.156,0.049,POSITIVE
0.503,0.461,0.036,POSITIVE
0.554,0.385,0.062,POSITIVE
0.632,0.287,0.081,POSITIVE
0.679,0.293,0.028,POSITIVE
0.39,0.504,0.105,NEGATIVE
0.402,0.52,0.078,NEGATIVE
0.475,0.465,0.06,POSITIVE
0.631,0.336,0.033,POSITIVE
0.761,0.131,0.108,POSITIVE
0.677,0.262,0.061,POSITIVE
0.6,0.345,0.054,POSITIVE
0.779,0.161,0.06,POSITIVE
0.515,0.438,0.047,POSITIVE
0.574,0.345,0.081,POSITIVE
0.534,0.363,0.103,POSITIVE
0.136,0.805,0.06,NEGATIVE
0.307,0.636,0.057,NEGATIVE
0.481,0.481,0.038,POSITIVE
0.162,0.789,0.049,NEGATIVE
0.172,0.73,0.099,NEGATIVE
0.87,0,0.13,POSITIVE
0.762,0.107,0.131,POSITIVE
0.632,0.287,0.081,POSITIVE
0.679,0.293,0.028,POSITIVE
0.39,0.504,0.105,NEGATIVE
0.402,0.52,0.078,NEGATIVE
0.475,0.465,0.06,POSITIVE
0.631,0.336,0.033,POSITIVE
0.761,0.131,0.108,POSITIVE
0.677,0.262,0.061,POSITIVE
0.6,0.345,0.054,POSITIVE
0.779,0.161,0.06,POSITIVE
0.515,0.438,0.047,POSITIVE
0.574,0.345,0.081,POSITIVE
0.534,0.363,0.103,POSITIVE
0.136,0.805,0.06,NEGATIVE
0.307,0.636,0.057,NEGATIVE
0.481,0.481,0.038,POSITIVE
0.162,0.789,0.049,NEGATIVE
0.172,0.73,0.099,NEGATIVE
0.87,0,0.13,POSITIVE
0.762,0.107,0.131,POSITIVE
