Positive,Negative,Neutral,Result
0.523,0.344,0.133,POSITIVE
0.92,0,0.08,POSITIVE
0.691,0.134,0.175,POSITIVE
0.771,0,0.229,POSITIVE
0.317,0.629,0.054,NEGATIVE
0.354,0.499,0.148,NEGATIVE
0.631,0.295,0.074,POSITIVE
0.491,0.467,0.042,POSITIVE
0.706,0.232,0.062,POSITIVE
0.571,0.381,0.048,POSITIVE
0.436,0.519,0.045,NEGATIVE
0.521,0.395,0.085,POSITIVE
0.589,0.369,0.042,POSITIVE
0.083,0.768,0.149,NEGATIVE
0.473,0.489,0.038,NEGATIVE
0.574,0.347,0.079,POSITIVE
0.354,0.539,0.108,NEGATIVE
0.368,0.389,0.243,NEGATIVE
0.384,0.562,0.054,NEGATIVE
0.376,0.594,0.03,NEGATIVE
0.5,0.415,0.085,POSITIVE
0.664,0.225,0.111,POSITIVE
0.264,0.613,0.123,NEGATIVE
0.517,0.447,0.036,POSITIVE
0.437,0.515,0.048,NEGATIVE
0.224,0.577,0.199,NEGATIVE
0.532,0.407,0.061,POSITIVE
0.739,0.187,0.074,POSITIVE
0.178,0.734,0.088,NEGATIVE
0.317,0.63,0.053,NEGATIVE
0.337,0.601,0.062,NEGATIVE
0.3,0.628,0.072,NEGATIVE
0.89,0.032,0.077,POSITIVE
0.923,0,0.077,POSITIVE
0.598,0.364,0.038,POSITIVE
0.176,0.768,0.056,NEGATIVE
0.377,0.584,0.039,NEGATIVE
0.367,0.597,0.035,NEGATIVE
0.382,0.551,0.067,NEGATIVE
0.869,0.062,0.069,POSITIVE
0.544,0.395,0.061,POSITIVE
0.456,0.509,0.035,NEGATIVE
0.913,0,0.087,POSITIVE
0.433,0.448,0.119,NEGATIVE
0.417,0.502,0.081,NEGATIVE
0.161,0.769,0.071,NEGATIVE
0.213,0.694,0.093,NEGATIVE
0.151,0.807,0.042,NEGATIVE
0.288,0.688,0.025,NEGATIVE
0.621,0.228,0.151,POSITIVE
0.518,0.202,0.279,POSITIVE
0.654,0.287,0.059,POSITIVE
0.55,0.412,0.037,POSITIVE
0.416,0.53,0.054,NEGATIVE
0.414,0.538,0.048,NEGATIVE
0.707,0.233,0.06,POSITIVE
0.424,0.13,0.446,NEUTRAL
0.576,0.353,0.072,POSITIVE
0.487,0.448,0.065,POSITIVE
0.589,0.333,0.079,POSITIVE
0.439,0.476,0.085,NEGATIVE
0.657,0.292,0.05,POSITIVE
0.654,0.202,0.144,POSITIVE
0.628,0.113,0.259,POSITIVE
0.538,0.228,0.233,POSITIVE
0.813,0.11,0.078,POSITIVE
0.793,0.141,0.066,POSITIVE
0.861,0.05,0.089,POSITIVE
0.736,0.146,0.118,POSITIVE
0.276,0.672,0.052,NEGATIVE
0.323,0.636,0.042,NEGATIVE
0.338,0.592,0.07,NEGATIVE
0.328,0.554,0.118,NEGATIVE
0.409,0.524,0.067,NEGATIVE
0.136,0.805,0.06,NEGATIVE
0.674,0.278,0.048,POSITIVE
0.439,0.476,0.085,NEGATIVE
0.657,0.292,0.05,POSITIVE
0.654,0.202,0.144,POSITIVE
0.628,0.113,0.259,POSITIVE
0.538,0.228,0.233,POSITIVE
0.813,0.11,0.078,POSITIVE
0.793,0.141,0.066,POSITIVE
0.861,0.05,0.089,POSITIVE
0.736,0.146,0.118,POSITIVE
0.276,0.672,0.052,NEGATIVE
0.323,0.636,0.042,NEGATIVE
0.338,0.592,0.07,NEGATIVE
0.328,0.554,0.118,NEGATIVE
0.409,0.524,0.067,NEGATIVE
0.136,0.805,0.06,NEGATIVE
0.674,0.278,0.048,POSITIVE
0.439,0.476,0.085,NEGATIVE
0.657,0.292,0.05,POSITIVE
0.654,0.202,0.144,POSITIVE
0.628,0.113,0.259,POSITIVE
0.538,0.228,0.233,POSITIVE
0.813,0.11,0.078,POSITIVE
0.793,0.141,0.066,POSITIVE
0.861,0.05,0.089,POSITIVE
0.736,0.146,0.118,POSITIVE
0.276,0.672,0.052,NEGATIVE
0.323,0.636,0.042,NEGATIVE
0.338,0.592,0.07,NEGATIVE
0.328,0.554,0.118,NEGATIVE
0.409,0.524,0.067,NEGATIVE
0.136,0.805,0.06,NEGATIVE
0.674,0.278,0.048,POSITIVE
