Positive,Negative,Neutral,Result
0.653,0.209,0.138,POSITIVE
0.653,0.082,0.265,POSITIVE
0.297,0.624,0.079,NEGATIVE
0.637,0.145,0.218,POSITIVE
0.729,0,0.271,POSITIVE
0.52,0.289,0.191,POSITIVE
0.506,0.403,0.091,POSITIVE
0.567,0.311,0.122,POSITIVE
0.396,0.492,0.112,NEGATIVE
0.314,0.608,0.078,NEGATIVE
0.63,0.257,0.113,POSITIVE
0.442,0.511,0.047,NEGATIVE
0.826,0.063,0.11,POSITIVE
0.509,0.338,0.153,POSITIVE
0.497,0.412,0.092,POSITIVE
0.707,0.205,0.088,POSITIVE
0.696,0.231,0.073,POSITIVE
0.743,0,0.257,POSITIVE
0.447,0.42,0.133,POSITIVE
0.639,0.192,0.169,POSITIVE
0.747,0.116,0.137,POSITIVE
0.606,0.305,0.089,POSITIVE
0.582,0.263,0.154,POSITIVE
0.516,0.362,0.123,POSITIVE
0.387,0.401,0.212,NEGATIVE
0.323,0.533,0.144,NEGATIVE
0.579,0.341,0.08,POSITIVE
0.707,0.164,0.129,POSITIVE
0.653,0.213,0.134,POSITIVE
0.589,0.271,0.139,POSITIVE
0.541,0.37,0.09,POSITIVE
0.495,0.401,0.104,POSITIVE
0.483,0.49,0.027,NEGATIVE
0.48,0.399,0.122,POSITIVE
0.491,0.413,0.096,POSITIVE
0.61,0.274,0.116,POSITIVE
0.694,0.227,0.079,POSITIVE
0.556,0.387,0.057,POSITIVE
0.594,0.288,0.118,POSITIVE
0.5,0.334,0.167,POSITIVE
0.421,0.418,0.161,POSITIVE
0.629,0.235,0.136,POSITIVE
0.578,0.117,0.305,POSITIVE
0.366,0.599,0.034,NEGATIVE
0.584,0.338,0.078,POSITIVE
0.529,0.358,0.113,POSITIVE
0.623,0.33,0.048,POSITIVE
0.24,0.719,0.041,NEGATIVE
0.379,0.487,0.133,NEGATIVE
0.494,0.419,0.086,POSITIVE
0.855,0.039,0.105,POSITIVE
0.817,0.083,0.1,POSITIVE
0.666,0,0.334,POSITIVE
0.699,0.164,0.137,POSITIVE
0.463,0.381,0.155,POSITIVE
0.739,0.162,0.099,POSITIVE
0.669,0.131,0.2,POSITIVE
0.642,0.146,0.212,POSITIVE
0.443,0.515,0.042,NEGATIVE
0.347,0.606,0.047,NEGATIVE
0.046,0.784,0.17,NEGATIVE
0.257,0.715,0.028,NEGATIVE
0.696,0,0.304,POSITIVE
0.046,0.784,0.17,NEGATIVE
0.257,0.715,0.028,NEGATIVE
0.696,0,0.304,POSITIVE
