Positive,Negative,Neutral,Result
0.845,0.035,0.12,POSITIVE
0.682,0.252,0.066,POSITIVE
0.083,0.768,0.149,NEGATIVE
0.35,0.605,0.045,NEGATIVE
0.468,0.473,0.06,NEGATIVE
0.287,0.689,0.024,NEGATIVE
0.354,0.539,0.108,NEGATIVE
0.645,0.296,0.059,POSITIVE
0.717,0.169,0.114,POSITIVE
0.812,0.075,0.113,POSITIVE
0.806,0.068,0.126,POSITIVE
0.286,0.684,0.03,NEGATIVE
0.388,0.559,0.053,NEGATIVE
0.057,0.559,0.384,NEGATIVE
0.716,0.032,0.253,POSITIVE
0.367,0.602,0.03,NEGATIVE
0.394,0.551,0.055,NEGATIVE
0.498,0.457,0.045,POSITIVE
0.702,0.176,0.122,POSITIVE
0.431,0.513,0.056,NEGATIVE
0.543,0.378,0.079,POSITIVE
0.375,0.417,0.208,NEGATIVE
0.316,0.63,0.054,NEGATIVE
0.495,0.451,0.054,POSITIVE
0.326,0.642,0.031,NEGATIVE
0.453,0.489,0.057,NEGATIVE
0.408,0.508,0.084,NEGATIVE
0.553,0.387,0.06,POSITIVE
0.444,0.471,0.084,NEGATIVE
0.386,0.552,0.062,NEGATIVE
0.534,0.38,0.087,POSITIVE
0.524,0.4,0.076,POSITIVE
0.775,0.179,0.046,POSITIVE
0.541,0.377,0.082,POSITIVE
0.213,0.694,0.093,NEGATIVE
0.228,0.706,0.066,NEGATIVE
0.416,0.487,0.097,NEGATIVE
0.464,0.488,0.048,NEGATIVE
0.753,0.181,0.066,POSITIVE
0.748,0.141,0.111,POSITIVE
0.379,0.579,0.042,NEGATIVE
0.484,0.413,0.103,POSITIVE
0.507,0.437,0.056,POSITIVE
0.544,0.427,0.029,POSITIVE
0.691,0.259,0.05,POSITIVE
0.717,0.243,0.04,POSITIVE
0.581,0.34,0.079,POSITIVE
0.441,0.53,0.029,NEGATIVE
0.759,0.183,0.058,POSITIVE
0.51,0.431,0.059,POSITIVE
0.534,0.386,0.079,POSITIVE
0.47,0.471,0.058,NEGATIVE
0.403,0.548,0.049,NEGATIVE
0.245,0.708,0.047,NEGATIVE
0.5,0.473,0.027,POSITIVE
0.296,0.655,0.048,NEGATIVE
0.337,0.624,0.038,NEGATIVE
0.484,0.493,0.024,NEGATIVE
0.368,0.57,0.063,NEGATIVE
0.629,0.078,0.292,POSITIVE
0.341,0.588,0.071,NEGATIVE
0.538,0.228,0.233,POSITIVE
0.659,0.217,0.124,POSITIVE
0.887,0,0.113,POSITIVE
0.442,0.515,0.044,NEGATIVE
0.483,0.48,0.037,POSITIVE
0.543,0.247,0.211,POSITIVE
0.229,0.71,0.062,NEGATIVE
0.215,0.683,0.102,NEGATIVE
0.32,0.642,0.039,NEGATIVE
0.339,0.581,0.079,NEGATIVE
0.239,0.681,0.08,NEGATIVE
0.3,0.579,0.121,NEGATIVE
0.353,0.527,0.12,NEGATIVE
0.582,0.357,0.061,POSITIVE
0.457,0.473,0.07,NEGATIVE
0.335,0.564,0.101,NEGATIVE
0.63,0.254,0.116,POSITIVE
0.414,0.542,0.043,NEGATIVE
0.387,0.543,0.069,NEGATIVE
0.473,0.483,0.044,NEGATIVE
0.751,0.145,0.104,POSITIVE
0.436,0.482,0.082,NEGATIVE
0.474,0.448,0.078,POSITIVE
0.337,0.537,0.126,NEGATIVE
0.416,0.529,0.056,NEGATIVE
0.257,0.697,0.046,NEGATIVE
0.136,0.805,0.06,NEGATIVE
0.508,0.451,0.041,POSITIVE
0.414,0.509,0.077,NEGATIVE
0.089,0.186,0.725,NEUTRAL
0.284,0.588,0.128,NEGATIVE
0.556,0.387,0.057,POSITIVE
0.43,0.467,0.103,NEGATIVE
0.481,0.481,0.038,POSITIVE
