Positive,Negative,Neutral,Result
0.452,0.515,0.033,NEGATIVE
0.33,0.494,0.176,NEGATIVE
0.526,0.317,0.157,POSITIVE
0.33,0.588,0.083,NEGATIVE
0.378,0.585,0.037,NEGATIVE
0.468,0.473,0.06,NEGATIVE
0.327,0.648,0.025,NEGATIVE
0.354,0.539,0.108,NEGATIVE
0.432,0.433,0.134,NEGATIVE
0.787,0.031,0.181,POSITIVE
0.912,0,0.088,POSITIVE
0.52,0.401,0.079,POSITIVE
0.916,0,0.084,POSITIVE
0.423,0.542,0.035,NEGATIVE
0.498,0.457,0.045,POSITIVE
0.264,0.613,0.123,NEGATIVE
0.508,0.454,0.038,POSITIVE
0.542,0.402,0.056,POSITIVE
0.478,0.48,0.042,NEGATIVE
0.519,0.434,0.047,POSITIVE
0.779,0.118,0.103,POSITIVE
0.684,0.258,0.058,POSITIVE
0.675,0.22,0.105,POSITIVE
0.389,0.477,0.134,NEGATIVE
0.516,0.43,0.054,POSITIVE
0.446,0.467,0.088,NEGATIVE
0.542,0.374,0.084,POSITIVE
0.477,0.479,0.043,NEGATIVE
0.826,0,0.174,POSITIVE
0.315,0.623,0.062,NEGATIVE
0.587,0.302,0.111,POSITIVE
0.583,0.289,0.127,POSITIVE
0.31,0.595,0.094,NEGATIVE
0.495,0.402,0.102,POSITIVE
0.468,0.492,0.04,NEGATIVE
0.478,0.486,0.036,NEGATIVE
0.36,0.577,0.063,NEGATIVE
0.831,0.066,0.103,POSITIVE
0.594,0.337,0.069,POSITIVE
0.545,0.398,0.058,POSITIVE
0.281,0.64,0.079,NEGATIVE
0.518,0.431,0.05,POSITIVE
0.438,0.531,0.031,NEGATIVE
0.213,0.694,0.093,NEGATIVE
0.929,0,0.071,POSITIVE
0.508,0.395,0.097,POSITIVE
0.544,0.303,0.153,POSITIVE
0.335,0.639,0.026,NEGATIVE
0.27,0.67,0.061,NEGATIVE
0.484,0.413,0.103,POSITIVE
0.303,0.073,0.624,NEUTRAL
0.264,0.71,0.026,NEGATIVE
0.735,0.219,0.046,POSITIVE
0.572,0.32,0.108,POSITIVE
0.441,0.53,0.029,NEGATIVE
0.364,0.608,0.028,NEGATIVE
0.51,0.431,0.059,POSITIVE
0.482,0.476,0.042,POSITIVE
0.534,0.386,0.079,POSITIVE
0.731,0.209,0.059,POSITIVE
0.236,0.164,0.6,NEUTRAL
0.4,0.571,0.029,NEGATIVE
0.5,0.473,0.027,POSITIVE
0.296,0.655,0.048,NEGATIVE
0.723,0.229,0.048,POSITIVE
0.337,0.624,0.038,NEGATIVE
0.761,0.185,0.054,POSITIVE
0.654,0.202,0.144,POSITIVE
0.398,0.527,0.074,NEGATIVE
0.678,0.214,0.107,POSITIVE
0.341,0.588,0.071,NEGATIVE
0.538,0.228,0.233,POSITIVE
0.548,0.347,0.104,POSITIVE
0.284,0.644,0.073,NEGATIVE
0.813,0.11,0.078,POSITIVE
0.469,0.461,0.069,POSITIVE
0.546,0.376,0.079,POSITIVE
0.339,0.581,0.079,NEGATIVE
0.22,0.633,0.147,NEGATIVE
0.425,0.52,0.055,NEGATIVE
0.81,0.056,0.134,POSITIVE
0.607,0.342,0.05,POSITIVE
0.653,0.279,0.067,POSITIVE
0.288,0.678,0.034,NEGATIVE
0.314,0.645,0.041,NEGATIVE
0.58,0.269,0.151,POSITIVE
0.435,0.529,0.036,NEGATIVE
0.45,0.467,0.083,NEGATIVE
0.537,0.434,0.029,POSITIVE
0.462,0.49,0.048,NEGATIVE
0.432,0.498,0.069,NEGATIVE
0.631,0.324,0.045,POSITIVE
0.5,0.428,0.072,POSITIVE
0.707,0.195,0.098,POSITIVE
0.555,0.352,0.093,POSITIVE
0.349,0.549,0.102,NEGATIVE
0.436,0.482,0.082,NEGATIVE
0.445,0.492,0.063,NEGATIVE
0.563,0.309,0.128,POSITIVE
0.559,0.401,0.041,POSITIVE
0.709,0.209,0.082,POSITIVE
0.416,0.529,0.056,NEGATIVE
0.463,0.378,0.159,POSITIVE
0.424,0.446,0.131,NEGATIVE
0.325,0.635,0.04,NEGATIVE
0.257,0.697,0.046,NEGATIVE
0.136,0.805,0.06,NEGATIVE
0.861,0.067,0.072,POSITIVE
0.329,0.396,0.276,NEGATIVE
0.414,0.509,0.077,NEGATIVE
0.573,0.337,0.091,POSITIVE
0.655,0.254,0.091,POSITIVE
0.535,0.335,0.13,POSITIVE
0.621,0.323,0.056,POSITIVE
0.638,0.307,0.055,POSITIVE
0.756,0.165,0.08,POSITIVE
