Positive,Negative,Neutral,Result
0.608,0.274,0.118,POSITIVE
0.673,0.218,0.108,POSITIVE
0.773,0.036,0.19,POSITIVE
0.569,0.282,0.149,POSITIVE
0.551,0.405,0.043,POSITIVE
0.803,0.111,0.086,POSITIVE
0.835,0.104,0.061,POSITIVE
0.729,0.176,0.095,POSITIVE
0.671,0.254,0.074,POSITIVE
0.54,0.348,0.113,POSITIVE
0.274,0.658,0.068,NEGATIVE
0.507,0.442,0.051,POSITIVE
0.523,0.435,0.042,POSITIVE
0.33,0.605,0.066,NEGATIVE
0.496,0.134,0.37,POSITIVE
0.508,0.434,0.058,POSITIVE
0.675,0.204,0.122,POSITIVE
0.36,0.605,0.036,NEGATIVE
0.566,0.39,0.044,POSITIVE
0.517,0.391,0.091,POSITIVE
0.359,0.586,0.054,NEGATIVE
0.493,0.441,0.066,POSITIVE
0.523,0.412,0.065,POSITIVE
0.348,0.606,0.046,NEGATIVE
0.571,0.362,0.067,POSITIVE
0.628,0.32,0.052,POSITIVE
0.763,0.179,0.059,POSITIVE
0.612,0.325,0.064,POSITIVE
0.446,0.513,0.041,NEGATIVE
0.588,0.28,0.131,POSITIVE
0.522,0.431,0.048,POSITIVE
0.554,0.377,0.068,POSITIVE
0.477,0.468,0.054,POSITIVE
0.227,0.72,0.053,NEGATIVE
0.693,0.208,0.098,POSITIVE
0.408,0.513,0.079,NEGATIVE
0.436,0.525,0.039,NEGATIVE
0.468,0.487,0.045,NEGATIVE
0.419,0.556,0.025,NEGATIVE
0.335,0.612,0.053,NEGATIVE
0.561,0.301,0.138,POSITIVE
0.907,0,0.093,POSITIVE
0.29,0.648,0.062,NEGATIVE
0.477,0.483,0.04,NEGATIVE
0.563,0.386,0.052,POSITIVE
0.462,0.463,0.075,NEGATIVE
0.249,0.349,0.402,NEUTRAL
0.42,0.546,0.033,NEGATIVE
0.378,0.555,0.067,NEGATIVE
0.646,0.282,0.072,POSITIVE
0.469,0.462,0.069,POSITIVE
0.342,0.619,0.039,NEGATIVE
0.606,0.334,0.06,POSITIVE
0.477,0.47,0.053,POSITIVE
0.478,0.454,0.068,POSITIVE
0.478,0.454,0.068,POSITIVE
0.478,0.454,0.068,POSITIVE
0.501,0.429,0.07,POSITIVE
0.73,0.224,0.046,POSITIVE
0.441,0.53,0.029,NEGATIVE
0.599,0.357,0.044,POSITIVE
0.357,0.615,0.028,NEGATIVE
0.463,0.489,0.048,NEGATIVE
0.678,0.269,0.053,POSITIVE
0.409,0.549,0.042,NEGATIVE
0.438,0.456,0.106,NEGATIVE
0.341,0.584,0.075,NEGATIVE
0.383,0.589,0.027,NEGATIVE
0.7,0.21,0.09,POSITIVE
0.257,0.719,0.024,NEGATIVE
0.339,0.603,0.059,NEGATIVE
0.416,0.542,0.042,NEGATIVE
0.401,0.545,0.054,NEGATIVE
0.411,0.551,0.039,NEGATIVE
0.404,0.567,0.03,NEGATIVE
0.689,0.252,0.058,POSITIVE
0.312,0.057,0.631,NEUTRAL
0.431,0.482,0.087,NEGATIVE
0.099,0.85,0.052,NEGATIVE
0.368,0.57,0.063,NEGATIVE
0.375,0.568,0.057,NEGATIVE
0.6,0.304,0.096,POSITIVE
0.473,0.475,0.052,NEGATIVE
0.257,0.642,0.101,NEGATIVE
0.149,0.804,0.047,NEGATIVE
0.837,0.093,0.07,POSITIVE
0.378,0.563,0.059,NEGATIVE
0.79,0.157,0.053,POSITIVE
0.623,0.321,0.057,POSITIVE
0.366,0.567,0.067,NEGATIVE
0.387,0.543,0.07,NEGATIVE
0.419,0.519,0.061,NEGATIVE
0.282,0.627,0.091,NEGATIVE
0.315,0.54,0.145,NEGATIVE
0.582,0.357,0.061,POSITIVE
0.67,0.246,0.084,POSITIVE
0.54,0.393,0.066,POSITIVE
0.587,0.344,0.07,POSITIVE
0.191,0.73,0.079,NEGATIVE
0.24,0.719,0.041,NEGATIVE
0.411,0.553,0.037,NEGATIVE
0.6,0.258,0.142,POSITIVE
0.476,0.482,0.042,NEGATIVE
0.471,0.48,0.049,NEGATIVE
0.192,0.162,0.646,NEUTRAL
0.473,0.483,0.044,NEGATIVE
0.412,0.485,0.103,NEGATIVE
0.513,0.378,0.108,POSITIVE
0.213,0.673,0.114,NEGATIVE
0.356,0.556,0.088,NEGATIVE
0.507,0.412,0.081,POSITIVE
0.621,0.321,0.057,POSITIVE
0.264,0.615,0.121,NEGATIVE
0.873,0,0.127,POSITIVE
0.515,0.441,0.043,POSITIVE
0.443,0.515,0.042,NEGATIVE
0.23,0.192,0.577,NEUTRAL
0.321,0.513,0.166,NEGATIVE
0.438,0.496,0.066,NEGATIVE
0.461,0.505,0.034,NEGATIVE
0.304,0.583,0.114,NEGATIVE
0.631,0.242,0.126,POSITIVE
0.54,0.405,0.056,POSITIVE
