Positive,Negative,Neutral,Result
0.599,0.23,0.172,POSITIVE
0.823,0.12,0.057,POSITIVE
0.269,0.673,0.059,NEGATIVE
0.552,0.413,0.035,POSITIVE
0.532,0.422,0.046,POSITIVE
0.582,0.361,0.057,POSITIVE
0.876,0,0.124,POSITIVE
0.901,0,0.099,POSITIVE
0.5,0.43,0.07,POSITIVE
0.42,0.516,0.064,NEGATIVE
0.461,0.383,0.156,POSITIVE
0.832,0,0.168,POSITIVE
0.735,0.13,0.135,POSITIVE
0.741,0.18,0.079,POSITIVE
0.494,0.44,0.066,POSITIVE
0.804,0.146,0.05,POSITIVE
0.382,0.57,0.049,NEGATIVE
0.45,0.457,0.093,NEGATIVE
0.562,0.366,0.071,POSITIVE
0.223,0.678,0.098,NEGATIVE
0.377,0.555,0.069,NEGATIVE
0.455,0.424,0.122,POSITIVE
0.679,0.24,0.081,POSITIVE
0.722,0.189,0.088,POSITIVE
0.461,0.415,0.124,POSITIVE
0.492,0.373,0.135,POSITIVE
0.653,0.258,0.089,POSITIVE
0.377,0.555,0.069,NEGATIVE
0.455,0.424,0.122,POSITIVE
0.679,0.24,0.081,POSITIVE
0.722,0.189,0.088,POSITIVE
0.461,0.415,0.124,POSITIVE
0.492,0.373,0.135,POSITIVE
0.653,0.258,0.089,POSITIVE
