Positive,Negative,Neutral,Result
0.262,0.661,0.077,NEGATIVE
0.542,0.373,0.084,POSITIVE
0.415,0.544,0.041,NEGATIVE
0.391,0.547,0.061,NEGATIVE
0.402,0.547,0.051,NEGATIVE
0.418,0.552,0.03,NEGATIVE
0.338,0.537,0.125,NEGATIVE
0.046,0.133,0.821,NEUTRAL
0.562,0.375,0.063,POSITIVE
0.771,0,0.229,POSITIVE
0.325,0.289,0.386,NEUTRAL
0.611,0.34,0.049,POSITIVE
0.454,0.505,0.041,NEGATIVE
0.496,0.432,0.071,POSITIVE
0.556,0.398,0.046,POSITIVE
0.491,0.462,0.046,POSITIVE
0.881,0.048,0.071,POSITIVE
0.22,0.733,0.048,NEGATIVE
0.758,0.195,0.047,POSITIVE
0.589,0.369,0.042,POSITIVE
0.714,0.247,0.039,POSITIVE
0.473,0.489,0.038,NEGATIVE
0.451,0.507,0.042,NEGATIVE
0.883,0,0.117,POSITIVE
0.647,0.219,0.134,POSITIVE
0.268,0.704,0.028,NEGATIVE
0.442,0.486,0.073,NEGATIVE
0.631,0.287,0.082,POSITIVE
0.546,0.379,0.075,POSITIVE
0.67,0.233,0.097,POSITIVE
0.536,0.295,0.169,POSITIVE
0.478,0.427,0.095,POSITIVE
0.587,0.363,0.05,POSITIVE
0.644,0.266,0.09,POSITIVE
0.613,0.305,0.082,POSITIVE
0.563,0.346,0.091,POSITIVE
0.301,0.562,0.136,NEGATIVE
0.574,0.387,0.039,POSITIVE
0.514,0.378,0.108,POSITIVE
0.697,0.221,0.083,POSITIVE
0.784,0.136,0.08,POSITIVE
0.471,0.479,0.05,NEGATIVE
0.929,0,0.071,POSITIVE
0.596,0.304,0.1,POSITIVE
0.381,0.497,0.122,NEGATIVE
0.611,0.35,0.039,POSITIVE
0.513,0.428,0.058,POSITIVE
0.594,0.362,0.043,POSITIVE
0.674,0.236,0.09,POSITIVE
0.525,0.312,0.162,POSITIVE
0.534,0.431,0.035,POSITIVE
0.474,0.457,0.068,POSITIVE
0.89,0,0.11,POSITIVE
0.468,0.44,0.092,POSITIVE
0.41,0.44,0.149,NEGATIVE
0.667,0.266,0.067,POSITIVE
0.67,0.281,0.05,POSITIVE
0.41,0.515,0.075,NEGATIVE
0.601,0.36,0.039,POSITIVE
0.618,0.337,0.045,POSITIVE
0.658,0.242,0.101,POSITIVE
0.599,0.315,0.085,POSITIVE
0.523,0.421,0.056,POSITIVE
0.705,0.234,0.061,POSITIVE
0.637,0.312,0.052,POSITIVE
0.365,0.544,0.092,NEGATIVE
0.495,0.421,0.084,POSITIVE
0.463,0.491,0.046,NEGATIVE
0.515,0.432,0.052,POSITIVE
0.444,0.503,0.053,NEGATIVE
0.428,0.547,0.025,NEGATIVE
0.596,0.366,0.038,POSITIVE
0.604,0.324,0.072,POSITIVE
0.08,0.769,0.151,NEGATIVE
0.463,0.49,0.047,NEGATIVE
0.415,0.55,0.035,NEGATIVE
0.35,0.61,0.041,NEGATIVE
0.323,0.649,0.028,NEGATIVE
0.472,0.484,0.044,NEGATIVE
0.396,0.541,0.062,NEGATIVE
0.555,0.403,0.043,POSITIVE
0.537,0.43,0.034,POSITIVE
0.485,0.473,0.042,POSITIVE
0.289,0.48,0.231,NEGATIVE
0.839,0.106,0.055,POSITIVE
0.392,0.515,0.092,NEGATIVE
0.602,0.345,0.053,POSITIVE
0.442,0.372,0.186,POSITIVE
0.463,0.467,0.07,NEGATIVE
0.412,0.559,0.029,NEGATIVE
0.329,0.641,0.03,NEGATIVE
0.647,0.167,0.186,POSITIVE
0.362,0.586,0.052,NEGATIVE
0.367,0.596,0.038,NEGATIVE
0.753,0.19,0.057,POSITIVE
0.372,0.598,0.03,NEGATIVE
0.4,0.571,0.029,NEGATIVE
0.231,0.728,0.04,NEGATIVE
0.483,0.49,0.027,NEGATIVE
0.516,0.192,0.293,POSITIVE
0.591,0.383,0.026,POSITIVE
0.536,0.439,0.025,POSITIVE
0.455,0.506,0.039,NEGATIVE
0.264,0.669,0.067,NEGATIVE
0.284,0.649,0.066,NEGATIVE
0.466,0.505,0.029,NEGATIVE
0.284,0.637,0.079,NEGATIVE
0.523,0.45,0.027,POSITIVE
0.611,0.231,0.158,POSITIVE
0.428,0.516,0.056,NEGATIVE
0.533,0.351,0.116,POSITIVE
0.431,0.52,0.049,NEGATIVE
0.329,0.637,0.034,NEGATIVE
0.524,0.418,0.057,POSITIVE
0.444,0.444,0.113,POSITIVE
0.56,0.346,0.094,POSITIVE
0.206,0.755,0.039,NEGATIVE
0.225,0.746,0.028,NEGATIVE
0.143,0.721,0.136,NEGATIVE
0.447,0.463,0.09,NEGATIVE
0.351,0.587,0.062,NEGATIVE
0.302,0.53,0.167,NEGATIVE
0.445,0.503,0.052,NEGATIVE
0.707,0.197,0.096,POSITIVE
0.387,0.509,0.105,NEGATIVE
0.624,0.298,0.078,POSITIVE
0.505,0.432,0.063,POSITIVE
0.813,0.11,0.078,POSITIVE
0.093,0.189,0.718,NEUTRAL
0.35,0.62,0.03,NEGATIVE
0.189,0.708,0.104,NEGATIVE
0.597,0.253,0.15,POSITIVE
0.273,0.684,0.043,NEGATIVE
0.377,0.566,0.057,NEGATIVE
0.278,0.656,0.066,NEGATIVE
0.504,0.462,0.034,POSITIVE
0.582,0.357,0.061,POSITIVE
0.415,0.461,0.124,NEGATIVE
0.663,0.265,0.072,POSITIVE
0.245,0.652,0.103,NEGATIVE
0.647,0.285,0.068,POSITIVE
0.466,0.477,0.057,NEGATIVE
0.363,0.569,0.068,NEGATIVE
0.827,0.105,0.068,POSITIVE
0.414,0.509,0.078,NEGATIVE
0.325,0.632,0.043,NEGATIVE
0.636,0.193,0.171,POSITIVE
0.272,0.65,0.078,NEGATIVE
0.554,0.401,0.045,POSITIVE
0.55,0.111,0.339,POSITIVE
0.525,0.419,0.057,POSITIVE
0.492,0.474,0.034,POSITIVE
0.8,0.149,0.052,POSITIVE
0.489,0.419,0.092,POSITIVE
0.512,0.446,0.043,POSITIVE
0.445,0.51,0.046,NEGATIVE
0.651,0.306,0.043,POSITIVE
0.441,0.492,0.068,NEGATIVE
0.307,0.636,0.057,NEGATIVE
0.424,0.533,0.043,NEGATIVE
0.253,0.644,0.103,NEGATIVE
0.862,0,0.138,POSITIVE
0.282,0.559,0.159,NEGATIVE
0.713,0,0.287,POSITIVE
0.23,0.685,0.085,NEGATIVE
0.479,0.438,0.083,POSITIVE
0.585,0.332,0.083,POSITIVE
0.714,0.234,0.051,POSITIVE
0.402,0.556,0.043,NEGATIVE
0.424,0.533,0.043,NEGATIVE
0.253,0.644,0.103,NEGATIVE
0.862,0,0.138,POSITIVE
0.282,0.559,0.159,NEGATIVE
0.713,0,0.287,POSITIVE
0.23,0.685,0.085,NEGATIVE
0.479,0.438,0.083,POSITIVE
0.585,0.332,0.083,POSITIVE
0.714,0.234,0.051,POSITIVE
0.402,0.556,0.043,NEGATIVE
